hash,name
Qmaje8byBxmFTHDjCvDYLy1NPZkUX1Etx1agDw5HxNqtef,First Supper — Token URI metadata
QmVVKDkMziAXLmSyfhFAF5ev9TNyXVe6dkMGA6YNbRcQSv,First Supper — Main image
QmRoCMEQgSd6QQo9iA2HdDzwSuqoJ3TLEEzNrRdXm7cKYo,First Supper — Layer 1 — Classic
QmXuz6bWxYuB1atjpYt1WJsiT2yfnJ38qHDXWur65fXAsR,First Supper — Layer 1 — Light Oscillations
QmcmdZjGHTkkir2oe9wDTXQycKmujGUfDxL6B4Do8e9HyP,First Supper — Layer 1 — Dark Oscillations
Qme8YVzNDjjFxNgwkgSK8RgXJHvQumEx24DgU6SyVZ7kYy,First Supper — Layer 1 — Electro Tiles
QmfSv545gdo6cjxscBvtyetZDCzEEESpnybBS76VY1BjXk,item-0007.txt
QmU3n7bquULDCqaWhoauaNMkTUMqdt79AZr9jy9mkC6huu,First Supper — Layer 3 — Blue/Red
QmPnJq97hAjeyL1ujqjbJVGZhw4RSaqkg6hNrGKq6svaK8,First Supper — Layer 3 — Green/Purple
QmVdRXDcynJgtt31rxu8SJPirxesLFvhbPq3LeuR7L9VKN,First Supper — Layer 3 — Fiat
QmajQ7BH75xdKe3SKzM5QfVofBx8nEv8Eb8u171Xz7DPoK,First Supper — Layer 4 — Red/Blue
QmTmV5ShAc61c1GhYJfhbnac5JksH65ihQFVJvSUaz4c4R,First Supper — Layer 4 — Gold
QmVRKtGYoRCZ3Erg6pNWoj4mG26aCrcCKz2yZeE7NaEbK1,First Supper — Layer 4 — Green/Purple
QmUkR5kkZbq5Szi1P7wJGS5pa1QZvG1tgp9Cnu7fBNdsv5,First Supper — Layer 5 — Chapter 1
QmbbSQbZzbFzWLoV3LooZQnjSr7tS3T9jdYSHbDk8WDRJX,First Supper — Layer 5 — Chapter 2
QmfDrTqHU2BETm5a8XD5ykoWQCwcGPz4tGhuswyzr8oVJi,First Supper — Layer 5 — Chapter 3
QmfWSv7XnTXc8EVM5VFYyEsC2vJB2vuVZ23UCymNuMbi73,First Supper — Layer 5 — Chapter 4
QmRysFFhFFEKrVzLhnE4XDdwZUh5KhXCjnDte2mQ7Wvbsk,First Supper — Layer 5 — Chapter 5
QmUWvx6Znf8csegRqy3XHd89YcSyi1xtJUnG1ofBRQisqJ,First Supper — Layer 5 — Chapter 6
QmReVPtyoq9fBw3K6ZQbfqPA2NhtMVyTG15GcYpV9EeWqz,First Supper — Layer 5 — Chapter 7
QmQdFQ4mfZ7qwMgNZyngaSjRKaYEcoZAc4X1D4xv6KyRTm,First Supper — Layer 5 — Chapter 8
QmduBmonJWkrcXJBEmQEMHJuEqeRab6B1PrtYuZjzehHrd,First Supper — Layer 5 — Chapter 9
QmaLp3h9LeEsDbadFF52tdnAEvGu89rnY4CABqHQ8HnUz8,First Supper — Layer 5 — Chapter 10
QmZtZzFNS1bk8juCXwM6KRqSd76h6KAE641wkUQxC3xtuw,First Supper — Layer 5 — Chapter 11
QmSEVYYJX2SErmWi3SzCKABZhNXe5CnifBmN7QSZv9uMGu,First Supper — Layer 5 — Chapter 12
Qmcx6hznGczCo9e7QCkoBD7ZUDe7mm9RMJHbdr53Kq6kgj,First Supper — Layer 5 — Chapter 13
QmZxxUW98SnbcQ9TF37v9FfZGaWjbZ4EnU4vxoNLdPa48f,First Supper — Layer 5 — Chapter 14
QmQjjrvBmDuLnrdnXkohx5j1nt5zebgRGRYVwfBFLUVdrE,First Supper — Layer 6 — Turquoise
QmaSafsQtTzCeJRkmENJLk3p2tySQB7Jbk7KVHqMSgNWx5,First Supper — Layer 6 — Blue
QmdQ9gQp5cag5MwPPFDiccc2BVkX6B6dca2wA4L33gVGLc,First Supper — Layer 6 — Gold
QmXpkL6cVuYNWgATUSeSqsKqJgiomTA5Y25Zgq6YWD7f5y,First Supper — Layer 6 — Green
QmWn3aKsnEZTnDehFSE6q5mhkQ6tCU2h9LtXDRd7iCze2T,First Supper — Layer 6 — Purple
Qmcx3187Crhshhb7NUkM9ZbnczCmNLP48UGhvek8BGpnbh,item-0033.txt
QmToLrAD88Pec7B6dpRteJk4xE97B66UEYuNNaQBf3Lg39,First Supper — Layer 8 — Meat
QmYCVDL1YxTBqZm5SAQhjtsbGmv89jTcz8D6Let5FDFwm9,First Supper — Layer 8 — Async
QmdnnPW6KsV9o47vuyRP83oLusnBtce2nACNqtp6jBp9zo,First Supper — Layer 9 — Drinks
QmVjmLh6we1ATQaH9hvcLcw63i8ZiWr9S8KWnHWr2Z1np6,First Supper — Layer 9 — Culture
QmZq3yqA8GZDdkCymZSNxuPQT8e4QdyGJgqBTPN98WiQkW,First Supper — Layer 10 — Staff Only
QmdyaJEZEftc5aaRcwaFKxwWsUWytSFyvFXxUN5nCfweyh,First Supper — Layer 10 — Void
QmXc6UYiJ4EXyAUg9dPa42z8nCkyD9J1VJL9SJawVHZt7d,First Supper — Layer 11 — Flesh & Blood ATM
QmPcbRWv5XzQ957SJMbdLkW7i21t5AAUrR93pjFdDcgLdh,First Supper — Layer 11 — Jesus
QmaX7RR8E4GARyzLoGuyZz54n4cs9K65EzeY6gPFVnDRXW,First Supper — Layer 11 — BTC
QmfEWiRPVYD5MLYYZKC9vHgdLCkhioEzGwaKQXUASoJsxZ,First Supper — Layer 11 — Outside
QmVQr7dYkgS2dsK5hVjVBmVM8qAr8ehpRXy6V2EcPzUjD7,First Supper — Layer 12 — Checkerboard
QmdHUWLS3UefruphgieB4X2iu31dxwKvNKYbEnwZqZEFrN,First Supper — Layer 12 — Pattern 2
QmXJkmaK7ggN2ZyAynMR1Q6aJ4Un1CXsAjbMX49CMgYhtQ,First Supper — Layer 12 — Space
QmctnyEcJ6s3udvDgRuLUHz4r8P8FNBvRfnP1aio7mT1cD,First Supper — Layer 13 — Cat
QmTyo4SNzTE1ncupJjzM8RubU5wDGd2cVK5XainWQWjJQk,First Supper — Layer 13 — Space + Metal
QmQYJqm2yfjNZ5RVygTj8WmkRDX4d8tqNcyrZsdywpF9LX,First Supper — Layer 14 — Variant 2
QmVLUxEFJf2XG22SCc24LVH4J6uFHRM8wwUiWbVzxaycSC,First Supper — Layer 14 — Variant 3
QmRLAtHjrKGQuPHMN3Wz4KokwqoYeHCEAdHGfKKtP9Ee5W,First Supper — Layer 15 — Normal
QmU38nK5GMQ9o6LDvTJW4vVDLuNYSL1siyQC9yffkkKbkF,First Supper — Layer 15 — VR
QmSSd8CEZ8sPceP8z42KGunRxBmrqDvuUEqhUcsbqJTTvr,First Supper — Layer 15 — Voxel
QmYzjLYaYUsCjBqwh9FJs7PGcv68nR5fWJ3DGFRFFHuSLq,First Supper — Layer 16 — Day
QmVrF5bFFPCMwoFEFcf1B4pcJDfRpis12Pxh95b91AJ91x,First Supper — Layer 16 — Night
QmcrruSBxmZZUH4wg89qTTCERXr1yJyFwT1Ygnz5v3EG1e,First Supper — Layer 17 — Demon
QmZ8YAsSX2KoUtvh7y2d8hXzMfXfqjdkfsfByCNMNwKdZu,First Supper — Layer 17 — Robot
QmYBJYu1PmUYWminSXZcZ9ocBA1S846pvR5mHvwbJRmS55,First Supper — Layer 17 — Soldier
Qma6o5eXdaJgd6vxBuXf2JeutuYCUU2GTx6tLa3P9z1Tjq,First Supper — Layer 17 — Surfer
QmW2FyTrLaa5VQA1LD3h5B8zwA6nApf4FX1YgGQWNYcaWa,First Supper — Layer 18 — Satoshi Left
QmSPu7W57Q6McmZQpHLSJiBp5uPFvi9gd7xx5Ky1NFH92X,First Supper — Layer 18 — Satoshi Right
QmNrU3YXWaujAXfLkrSuHAtkjWXXe3xdqGXH2pvGZuhYbB,First Supper — Layer 18 — Satoshi Forward
Qmc8E19xNRZztutpvn76ACurPPh9wNYGVGucDokwwFmKv4,First Supper — Layer 18 — Andreas Forward
QmdqevcaabLa9EFXZAPVRytExPXh9kXvpxZjT9zYkU5i9P,First Supper — Layer 18 — Andreas Left
QmY6pHApo3joWvPieQTCHa6cLL4zu3ZBgkDz8feQ9LkFiv,First Supper — Layer 18 — Andreas Right
QmZdMAc4DL3V7dtiXcyqL9cDQPsyWQMq3Z8wK4pCVuwruw,First Supper — Layer 18 — McAfee Forward
QmNpzQsFRdfWrcKX14M3BWswGZe46vS18AtcTZumNqsWzS,First Supper — Layer 18 — McAfee Left
QmUQeaLSeWnxZaTZxHVnFMjhvjWbqEXsdy237zo6PHeJDG,First Supper — Layer 18 — McAfee Right
QmUkhbvUATaR8CTeXfBeAZsNqrHzVNxbdE9tqC3JZnodFj,First Supper — Layer 18 — Snowden Forward
Qma1Swacm81wB68VSzZom1kJGcNeSCQo6ph5zT4RM26ZmR,First Supper — Layer 18 — Snowden Left
Qmb7Y5mGE3X3vqbiLnzZB2Gy1cjxuSW72whU9m3b4PdjGE,First Supper — Layer 18 — Snowden Right
Qma7EZ1LewYiyYAehy8k7pSmgPRcs1CvG8JCi9KoLsXuNm,First Supper — Layer 18 — Vitalik Right
QmcT4FfivjzFBn6ZFc5Ew6t97P7FJJmMS8TVxnYpPKSfco,First Supper — Layer 18 — Vitalik Forward
QmRjrkfPS1w7FzGz9VCevbxpbweAwkwq4pQem5pChAW7z4,First Supper — Layer 18 — Vitalik Left
QmapxDGw4Ki8LiPtAkHAFNvjaYrVwmo5fhCvpVXbjeaCAG,First Supper — Layer 19 — Accusing
QmPgS2gdGgV6fPKb65gwtFrzyZdaP5EoXSBvQjSXJR5zit,First Supper — Layer 19 — Calm
Qmeu2kb9ELkzB8y7H3ppgFt7sZgDiMCxBq3wtTB3ArRWAz,First Supper — Layer 19 — Miner
QmX42RUqYXHrN8SD194BbGpxPzm7GGcPvAaB15rxohrCgU,First Supper — Layer 20 — Anonymous
QmdsNPLCuBBKBUHfTU6qeVxrBpVL6yT3CSxKaosKu3Nq7F,First Supper — Layer 20 — Lizard Man
QmQhwcK2TTvo1mEaVyutbkvESubnaY7U3jnCKxVWMb97tM,First Supper — Layer 20 — Magician
QmSXa39rXW21rBhsxfDDqiG6cisuyeZXBs2ofXWdX4SKSr,First Supper — Layer 21 — Variant 1
QmPeWHZFKQfKv8MnsLPH6KtSbjTbVKzS44ABJoAcxMDh33,First Supper — Layer 21 — Variant 2
QmTB7UPncncx8TETbvGegJssTzKa9GpCWEsksw1kTGrBN3,First Supper — Layer 22 — Variant 1
QmSk2TxDha2NQYF45PCwPo8irMRFAbua6hLxWYb94dapBV,First Supper — Layer 22 — Variant 2
QmcfrYAcs7uWrGHuDQHHB4mzHf67iuq69sGFgs44VCB9y1,First Supper — Layer 22 — Variant 3
QmSfyaaARjqjcPE1n8WCG8jujCCAxcFT1i5ZLZngj6WQtU,First Supper — Layer 23 — Variant 2
QmUxz25YzPmX8fdVMifxgNRCnYAJqKVmhSzphEj7rjDQhM,First Supper — Layer 23 — Variant 3
QmX4H67j5Zkmr5XURG94p5qGTAAeYCUoFTKBWP94yGUMSK,item-0088.txt
QmZUbQ5BLMK1xHqstvHHr5JYAXJhV64Baf7PRZpEuW9wWd,First Supper — Layer 25 — After DaVinci
QmThY8TsFrd2Wyugyk3QwAuxeqKXuiLLGivQ2U7h4dxVX7,First Supper — Layer 25 — Blue Diamonds
Qmdu6x53VXFuvUT3dxWxtD5dLFpwL7Ex6V9PntFa2Yfjcx,First Supper — Layer 25 — Maggots
Qmbn6LQRwVC3zkrh27RwjFNinzMgjenTmDyvkVkWEsuZVA,First Supper — Layer 26 — Variant 1
QmXjYw5bCmF4FS9VopVnWzfbatUxarZ1ypBi8hmFBm5CfW,First Supper — Layer 26 — Variant 2
QmQtzDoisLEHdRKwE5xBV2pcEkqSQohExn81rqkGxsxXQF,item-0094.txt
QmbVajnodHaZ3B9hntEjaR78JjaP8zL4vCNywt1Kmn2Pk3,First Supper — Layer 28 — I solve
QmRpsxh7Ga5xmwLEedbSgM3CMGZDt8PUfxZUhEiCxT3pEi,First Supper — Layer 28 — I believe
QmbXLaPoDcQoUWhodjQCNQyCGYW2pNny9pAUeH2T81FSzc,First Supper — Layer 28 — I rule
QmWwQJwaGRpop49sErPc6HqEhmPtbjejxfN9LgB67gHejk,First Supper — Layer 29 — Early Doors
QmbvLWeadYSGEUqTGgVKdd4thk7Qm2XCGiKs68WCmfWaMt,First Supper — Layer 29 — Getting Heavy
QmVLfwKhptUdyHiYYkgDfqbbHrMq9XCDGpa2ngQSyHVgwA,First Supper — Layer 29 — Exit Strategy
QmfXL5rzSwvZ9x3xYA2tUjqA3jxMMgDnERqheFbpopw4cN,First Supper — Layer 30 — Apple
QmZ3yStuSdH8Fo1JUDd9u5k6boK8BZyZ5Rby6YSRTM18ER,First Supper — Layer 30 — Both
QmeXCbZP7SnAK23pm16pXEEkDqieNhgmru9sYbC7mVD4c4,First Supper — Layer 30 — TNT
QmWVkGGWmqBJ9GNxNTxEQFaZUFyA11opNsABMkrBxzSG9M,First Supper — Layer 31 — Dimensional Painting
QmP5D9FtoUZx1hqb1h4iN7EgBCAV43HKJe1gtkRwWfNfSe,First Supper — Layer 31 — Processing.org Console
QmYbjQjr17SGt4UYEtuZzUJX5F5GFELmnQVc27Bihejtgt,First Supper — Layer 31 — Offset Layers
QmdZN4Ub9rww5pjYLkBudbcqsJ1iTnizbDbL5SdepbP15F,First Supper — Layer 31 — Blueprint Wireframe
QmWRnXDiK4RS328nD7rn6NRrqmdJV2pkShjoobkgBdzabf,First Supper — Layer 31 — Blueprint Fill
Qmcwwc9wcA8kzJ3pKd1p5HkvGh2Cd3W7H9FmZEaAHjE7Pv,First Supper — Layer 31 — Paper Wireframe
QmebFhnCtcC2GLHMhF3C2WzdU7aJuzUwduE2cmUHKaU1UB,First Supper — Layer 31 — Clear Black Wireframe
QmXDMJ9fuV5XgGonBxLwz3CTss6oNDXcZPTtp4bcAUvCcS,First Supper — Layer 31 — Clear White Wireframe
QmUrE229N8niyRyHmM1CkFuTmJf9eLgtGt95M36whVq6vT,First Supper — Layer 32 — State 1
QmPicpS78yQavz92C9Dh82eau6uvSZ2x9MbcQ3QqghH77o,First Supper — Layer 32 — State 2
Qme4e2XweqCyptyADahuvkj832uRZ7jUicGzigWX56sPMB,First Supper — Layer 32 — State 3
QmSHPiCvgS8DmJyqsM4wbCCh2hNps38Hcbhuy4mGK3aD6v,First Supper — Layer 33 — Color
QmbrdtDoftnnJD6EZ16EWGvCX22gGEETtkyfCM7Cuf8PgZ,First Supper — Layer 33 — Greyscale
QmYVJDn97oZEqLBCegc95K2d1Ba1tudJfC8XixSWyD63QA,First Supper — Layer 34 — Variant 3